Width,Time,Threads
989,0.009773,5
989,0.009142,5
989,0.009262,5
989,0.009395,5
989,0.009189,5
989,0.009498,5
